{"181.html": 0.0009751219953805432, "214.html": 0.0018425789971205377, "12.html": 0.0008821652663977466, "372.html": 0.0007517418016890806, "343.html": 0.0018909785797615627, "158.html": 0.00481422108977233, "62.html": 0.0005422407357489936, "205.html": 0.0010928666165735952, "390.html": 0.00114991738828941, "50.html": 0.00012697997549310436, "292.html": 0.0009751219953805431, "210.html": 0.0018459779484731064, "0.html": 0.008008669154398155, "129.html": 0.00012285012285012285, "195.html": 0.0016580541880055785, "55.html": 0.0004872400566503298, "48.html": 0.0003946644458867671, "96.html": 0.0006546136629604973, "220.html": 0.0013557759645867924, "250.html": 0.001242267758991675, "28.html": 0.0005119390475747851, "382.html": 0.0013764247710371961, "59.html": 0.0008036156794884161, "212.html": 0.0013961974024766862, "267.html": 0.001900327227190164, "17.html": 0.0014839993238015279, "302.html": 0.0014278921619675063, "361.html": 0.0019414545924691406, "365.html": 0.0006082444129601409, "53.html": 0.0005618155875671592, "319.html": 0.0007491790940118808, "209.html": 0.0007491790940118808, "197.html": 0.0006082444129601409, "11.html": 0.001096522491152482, "244.html": 0.0012107959116087175, "228.html": 0.0005522993874250792, "139.html": 0.00012285012285012285, "297.html": 0.0012462977481473144, "379.html": 0.0010001238341115415, "403.html": 0.0007491790940118806, "7.html": 0.005260983091938149, "295.html": 0.0017750579962012361, "279.html": 0.000967059624143794, "121.html": 0.0001231612816589679, "203.html": 0.0021426075901642434, "309.html": 0.001476421007936225, "150.html": 0.000986840729037868, "225.html": 0.0007491790940118806, "4.html": 0.008008669154398155, "37.html": 0.0010656792688207356, "229.html": 0.0016008864870489005, "293.html": 0.0008668187864600273, "330.html": 0.0006866727344715681, "307.html": 0.0016403045411301454, "159.html": 0.002135881401612325, "401.html": 0.0007935230279253564, "387.html": 0.003154197486634609, "289.html": 0.00133916599752294, "68.html": 0.00123764666210086, "337.html": 0.0007491790940118806, "318.html": 0.0009751219953805434, "303.html": 0.0006713954722292266, "69.html": 0.0011237145293213143, "136.html": 0.00012285012285012285, "261.html": 0.0012165137473239096, "346.html": 0.0012622201787696003, "368.html": 0.0006713954722292266, "123.html": 0.00039466444588676715, "392.html": 0.0007491790940118806, "322.html": 0.0007581825113339717, "149.html": 0.0001231612816589679, "273.html": 0.0010324584666776178, "87.html": 0.0009199550403721665, "114.html": 0.00039466444588676715, "363.html": 0.0012587788743500397, "155.html": 0.0013779964305672123, "74.html": 0.0008287673134336791, "119.html": 0.0001234809167732467, "201.html": 0.0014275334442826085, "31.html": 0.0005180913827448805, "13.html": 0.0019230671646422825, "120.html": 0.00012348009151612327, "160.html": 0.002568414224581027, "14.html": 0.0005119390475747851, "271.html": 0.0019124117002919808, "166.html": 0.001149642738468181, "287.html": 0.00418483066258219, "306.html": 0.0006866727344715681, "276.html": 0.0014400430868780354, "186.html": 0.0007517418016890806, "404.html": 0.0015038846359279527, "245.html": 0.001413916764180284, "290.html": 0.0011282403252336859, "335.html": 0.0005775577256879518, "38.html": 0.0017762237238175987, "179.html": 0.002546744991815187, "116.html": 0.0001231612816589679, "266.html": 0.0006320235155244262, "58.html": 0.0023131613504074663, "183.html": 0.0021464236163322306, "10.html": 0.0005180913827448805, "275.html": 0.0006082444129601409, "85.html": 0.0006082444129601409, "89.html": 0.0007226666292595732, "317.html": 0.0006713954722292266, "104.html": 0.0006383262914665343, "391.html": 0.001250692895244803, "110.html": 0.00012496491983584376, "277.html": 0.0016141730143442732, "374.html": 0.001838691685801798, "147.html": 0.00012285012285012285, "143.html": 0.00012285012285012285, "175.html": 0.002405874015638023, "385.html": 0.0017403962078470182, "99.html": 0.0012540043614024982, "112.html": 0.00012285012285012285, "232.html": 0.0012746279157942798, "190.html": 0.001372926150096856, "256.html": 0.0016974606161270635, "312.html": 0.002448125344523057, "235.html": 0.001497651887663398, "172.html": 0.003291874253439823, "238.html": 0.0013064823260686021, "131.html": 0.00016175266175266176, "148.html": 0.00012285012285012285, "399.html": 0.00103283949666475, "234.html": 0.0005559519068685449, "315.html": 0.0007491790940118806, "314.html": 0.0017303281233700565, "46.html": 0.0004019332623411436, "126.html": 0.00012285012285012285, "239.html": 0.0013126346612386975, "29.html": 0.0005584517225951748, "167.html": 0.0014007025725312691, "298.html": 0.001078298744373842, "32.html": 0.0015543658944973957, "34.html": 0.004162526493472655, "36.html": 0.0007154162428013957, "30.html": 0.0008427868452955764, "57.html": 0.0020874617169133807, "18.html": 0.0013917346719291169, "144.html": 0.00012285012285012285, "240.html": 0.0007491790940118806, "164.html": 0.0018802842062721112, "66.html": 0.0007509190283458529, "248.html": 0.0012895745257872101, "9.html": 0.0005422407357489935, "263.html": 0.0005923261707476853, "352.html": 0.0006511148458820797, "163.html": 0.000986840729037868, "200.html": 0.0014336857794527039, "320.html": 0.0009666396294529923, "202.html": 0.0005180913827448805, "359.html": 0.0006320235155244262, "43.html": 0.0032631997071021998, "1.html": 0.00012285012285012285, "334.html": 0.0005775577256879518, "369.html": 0.0017874559048369075, "196.html": 0.0010465310439756168, "194.html": 0.000829145101438297, "90.html": 0.0006082444129601409, "142.html": 0.00012285012285012285, "350.html": 0.0005522993874250792, "106.html": 0.0010347384075156028, "44.html": 0.008008669154398153, "247.html": 0.0012304807864501068, "22.html": 0.0006603613968026908, "226.html": 0.0013352961499964568, "84.html": 0.000750919028345853, "347.html": 0.0005723542146798839, "103.html": 0.0006920657494992466, "77.html": 0.0006320235155244262, "92.html": 0.0005923261707476853, "170.html": 0.003503368927357917, "344.html": 0.0005656785056074973, "364.html": 0.0012428606321375842, "280.html": 0.0009266992842934998, "353.html": 0.0005923261707476853, "73.html": 0.0008287673134336791, "178.html": 0.0013322695697406905, "16.html": 0.0020246893582690924, "355.html": 0.0015809420362509537, "254.html": 0.0019926811052222685, "294.html": 0.00220405933325706, "329.html": 0.0006866727344715681, "348.html": 0.0006952606178285826, "81.html": 0.0008257081412496538, "71.html": 0.0008923223484834573, "174.html": 0.00271935215219883, "60.html": 0.0010385525220713576, "377.html": 0.0006082444129601409, "40.html": 0.0021180609648018146, "286.html": 0.0036480992866609807, "198.html": 0.0018743471131981953, "366.html": 0.002137885114637096, "152.html": 0.001647051217753819, "169.html": 0.0012959103978483805, "253.html": 0.0018936992355108998, "199.html": 0.0007491790940118806, "328.html": 0.0006320235155244262, "213.html": 0.0009751219953805431, "100.html": 0.0006320235155244262, "400.html": 0.000986840729037868, "251.html": 0.0013001390142457253, "380.html": 0.000580923741928834, "153.html": 0.0034687483135979937, "49.html": 0.00039466444588676715, "39.html": 0.0011647718813963853, "6.html": 0.03849980220481857, "326.html": 0.0005923261707476853, "269.html": 0.0006082444129601409, "381.html": 0.0010143734479630853, "168.html": 0.0011282403252336859, "19.html": 0.0009931805265499215, "63.html": 0.0008813127907616556, "41.html": 0.001131874932775767, "236.html": 0.0017818602996878589, "217.html": 0.002480402670081779, "188.html": 0.001969790183648736, "105.html": 0.0005656785056074973, "162.html": 0.000986840729037868, "264.html": 0.0011622493194191163, "274.html": 0.0010386108018477134, "321.html": 0.0009751219953805432, "351.html": 0.0006511148458820797, "241.html": 0.0014555721582134237, "340.html": 0.0018757333434402256, "75.html": 0.0006320235155244262, "154.html": 0.004399113924673004, "389.html": 0.0007491790940118806, "115.html": 0.0001231612816589679,